jurisdiction,effective_date_assumption,year,from_rate,to_rate,change,pct_change,source
Alaska,2010-01-01,2010,7.15,7.75,0.6,8.39,USDOL historical state table (2009-2024); FRED annual state minimum wage release table (2025-2026)
Alaska,2015-01-01,2015,7.75,8.75,1.0,12.9,USDOL historical state table (2009-2024); FRED annual state minimum wage release table (2025-2026)
Alaska,2016-01-01,2016,8.75,9.75,1.0,11.43,USDOL historical state table (2009-2024); FRED annual state minimum wage release table (2025-2026)
Alaska,2017-01-01,2017,9.75,9.8,0.05,0.51,USDOL historical state table (2009-2024); FRED annual state minimum wage release table (2025-2026)
Alaska,2018-01-01,2018,9.8,9.84,0.04,0.41,USDOL historical state table (2009-2024); FRED annual state minimum wage release table (2025-2026)
Alaska,2019-01-01,2019,9.84,10.19,0.35,3.56,USDOL historical state table (2009-2024); FRED annual state minimum wage release table (2025-2026)
Alaska,2021-01-01,2021,10.19,10.34,0.15,1.47,USDOL historical state table (2009-2024); FRED annual state minimum wage release table (2025-2026)
Alaska,2023-01-01,2023,10.34,10.85,0.51,4.93,USDOL historical state table (2009-2024); FRED annual state minimum wage release table (2025-2026)
Alaska,2024-01-01,2024,10.85,11.73,0.88,8.11,USDOL historical state table (2009-2024); FRED annual state minimum wage release table (2025-2026)
Alaska,2025-01-01,2025,11.73,11.91,0.18,1.53,USDOL historical state table (2009-2024); FRED annual state minimum wage release table (2025-2026)
Alaska,2026-01-01,2026,11.91,13.0,1.09,9.15,USDOL historical state table (2009-2024); FRED annual state minimum wage release table (2025-2026)
Arizona,2011-01-01,2011,7.25,7.35,0.1,1.38,USDOL historical state table (2009-2024); FRED annual state minimum wage release table (2025-2026)
Arizona,2012-01-01,2012,7.35,7.65,0.3,4.08,USDOL historical state table (2009-2024); FRED annual state minimum wage release table (2025-2026)
Arizona,2013-01-01,2013,7.65,7.8,0.15,1.96,USDOL historical state table (2009-2024); FRED annual state minimum wage release table (2025-2026)
Arizona,2014-01-01,2014,7.8,7.9,0.1,1.28,USDOL historical state table (2009-2024); FRED annual state minimum wage release table (2025-2026)
Arizona,2015-01-01,2015,7.9,8.05,0.15,1.9,USDOL historical state table (2009-2024); FRED annual state minimum wage release table (2025-2026)
Arizona,2017-01-01,2017,8.05,10.0,1.95,24.22,USDOL historical state table (2009-2024); FRED annual state minimum wage release table (2025-2026)
Arizona,2018-01-01,2018,10.0,10.5,0.5,5.0,USDOL historical state table (2009-2024); FRED annual state minimum wage release table (2025-2026)
Arizona,2019-01-01,2019,10.5,12.0,1.5,14.29,USDOL historical state table (2009-2024); FRED annual state minimum wage release table (2025-2026)
Arizona,2021-01-01,2021,12.0,12.15,0.15,1.25,USDOL historical state table (2009-2024); FRED annual state minimum wage release table (2025-2026)
Arizona,2022-01-01,2022,12.15,12.8,0.65,5.35,USDOL historical state table (2009-2024); FRED annual state minimum wage release table (2025-2026)
Arizona,2023-01-01,2023,12.8,13.85,1.05,8.2,USDOL historical state table (2009-2024); FRED annual state minimum wage release table (2025-2026)
Arizona,2024-01-01,2024,13.85,14.35,0.5,3.61,USDOL historical state table (2009-2024); FRED annual state minimum wage release table (2025-2026)
Arizona,2025-01-01,2025,14.35,14.7,0.35,2.44,USDOL historical state table (2009-2024); FRED annual state minimum wage release table (2025-2026)
Arizona,2026-01-01,2026,14.7,15.15,0.45,3.06,USDOL historical state table (2009-2024); FRED annual state minimum wage release table (2025-2026)
Arkansas,2015-01-01,2015,6.25,7.5,1.25,20.0,USDOL historical state table (2009-2024); FRED annual state minimum wage release table (2025-2026)
Arkansas,2016-01-01,2016,7.5,8.0,0.5,6.67,USDOL historical state table (2009-2024); FRED annual state minimum wage release table (2025-2026)
Arkansas,2017-01-01,2017,8.0,8.5,0.5,6.25,USDOL historical state table (2009-2024); FRED annual state minimum wage release table (2025-2026)
Arkansas,2019-01-01,2019,8.5,9.25,0.75,8.82,USDOL historical state table (2009-2024); FRED annual state minimum wage release table (2025-2026)
Arkansas,2020-01-01,2020,9.25,10.0,0.75,8.11,USDOL historical state table (2009-2024); FRED annual state minimum wage release table (2025-2026)
Arkansas,2021-01-01,2021,10.0,11.0,1.0,10.0,USDOL historical state table (2009-2024); FRED annual state minimum wage release table (2025-2026)
California,2014-01-01,2014,8.0,9.0,1.0,12.5,USDOL historical state table (2009-2024); FRED annual state minimum wage release table (2025-2026)
California,2016-01-01,2016,9.0,10.0,1.0,11.11,USDOL historical state table (2009-2024); FRED annual state minimum wage release table (2025-2026)
California,2018-01-01,2018,10.0,11.0,1.0,10.0,USDOL historical state table (2009-2024); FRED annual state minimum wage release table (2025-2026)
California,2019-01-01,2019,11.0,12.0,1.0,9.09,USDOL historical state table (2009-2024); FRED annual state minimum wage release table (2025-2026)
California,2021-01-01,2021,12.0,13.0,1.0,8.33,USDOL historical state table (2009-2024); FRED annual state minimum wage release table (2025-2026)
California,2022-01-01,2022,13.0,14.0,1.0,7.69,USDOL historical state table (2009-2024); FRED annual state minimum wage release table (2025-2026)
California,2023-01-01,2023,14.0,15.5,1.5,10.71,USDOL historical state table (2009-2024); FRED annual state minimum wage release table (2025-2026)
California,2024-01-01,2024,15.5,16.0,0.5,3.23,USDOL historical state table (2009-2024); FRED annual state minimum wage release table (2025-2026)
California,2025-01-01,2025,16.0,16.5,0.5,3.12,USDOL historical state table (2009-2024); FRED annual state minimum wage release table (2025-2026)
California,2026-01-01,2026,16.5,16.9,0.4,2.42,USDOL historical state table (2009-2024); FRED annual state minimum wage release table (2025-2026)
Colorado,2011-01-01,2011,7.28,7.36,0.08,1.1,USDOL historical state table (2009-2024); FRED annual state minimum wage release table (2025-2026)
Colorado,2012-01-01,2012,7.36,7.64,0.28,3.8,USDOL historical state table (2009-2024); FRED annual state minimum wage release table (2025-2026)
Colorado,2013-01-01,2013,7.64,7.78,0.14,1.83,USDOL historical state table (2009-2024); FRED annual state minimum wage release table (2025-2026)
Colorado,2014-01-01,2014,7.78,8.0,0.22,2.83,USDOL historical state table (2009-2024); FRED annual state minimum wage release table (2025-2026)
Colorado,2015-01-01,2015,8.0,8.23,0.23,2.88,USDOL historical state table (2009-2024); FRED annual state minimum wage release table (2025-2026)
Colorado,2016-01-01,2016,8.23,8.31,0.08,0.97,USDOL historical state table (2009-2024); FRED annual state minimum wage release table (2025-2026)
Colorado,2017-01-01,2017,8.31,9.3,0.99,11.91,USDOL historical state table (2009-2024); FRED annual state minimum wage release table (2025-2026)
Colorado,2018-01-01,2018,9.3,10.2,0.9,9.68,USDOL historical state table (2009-2024); FRED annual state minimum wage release table (2025-2026)
Colorado,2019-01-01,2019,10.2,12.0,1.8,17.65,USDOL historical state table (2009-2024); FRED annual state minimum wage release table (2025-2026)
Colorado,2020-01-01,2020,12.0,12.02,0.02,0.17,USDOL historical state table (2009-2024); FRED annual state minimum wage release table (2025-2026)
Colorado,2021-01-01,2021,12.02,12.32,0.3,2.5,USDOL historical state table (2009-2024); FRED annual state minimum wage release table (2025-2026)
Colorado,2022-01-01,2022,12.32,12.56,0.24,1.95,USDOL historical state table (2009-2024); FRED annual state minimum wage release table (2025-2026)
Colorado,2023-01-01,2023,12.56,13.65,1.09,8.68,USDOL historical state table (2009-2024); FRED annual state minimum wage release table (2025-2026)
Colorado,2024-01-01,2024,13.65,14.42,0.77,5.64,USDOL historical state table (2009-2024); FRED annual state minimum wage release table (2025-2026)
Colorado,2025-01-01,2025,14.42,14.81,0.39,2.7,USDOL historical state table (2009-2024); FRED annual state minimum wage release table (2025-2026)
Colorado,2026-01-01,2026,14.81,15.16,0.35,2.36,USDOL historical state table (2009-2024); FRED annual state minimum wage release table (2025-2026)
Connecticut,2010-01-01,2010,8.0,8.25,0.25,3.12,USDOL historical state table (2009-2024); FRED annual state minimum wage release table (2025-2026)
Connecticut,2014-01-01,2014,8.25,8.7,0.45,5.45,USDOL historical state table (2009-2024); FRED annual state minimum wage release table (2025-2026)
Connecticut,2015-01-01,2015,8.7,9.15,0.45,5.17,USDOL historical state table (2009-2024); FRED annual state minimum wage release table (2025-2026)
Connecticut,2016-01-01,2016,9.15,9.6,0.45,4.92,USDOL historical state table (2009-2024); FRED annual state minimum wage release table (2025-2026)
Connecticut,2017-01-01,2017,9.6,10.1,0.5,5.21,USDOL historical state table (2009-2024); FRED annual state minimum wage release table (2025-2026)
Connecticut,2019-01-01,2019,10.1,11.0,0.9,8.91,USDOL historical state table (2009-2024); FRED annual state minimum wage release table (2025-2026)
Connecticut,2020-01-01,2020,11.0,12.0,1.0,9.09,USDOL historical state table (2009-2024); FRED annual state minimum wage release table (2025-2026)
Connecticut,2021-01-01,2021,12.0,13.0,1.0,8.33,USDOL historical state table (2009-2024); FRED annual state minimum wage release table (2025-2026)
Connecticut,2022-01-01,2022,13.0,14.0,1.0,7.69,USDOL historical state table (2009-2024); FRED annual state minimum wage release table (2025-2026)
Connecticut,2023-01-01,2023,14.0,15.0,1.0,7.14,USDOL historical state table (2009-2024); FRED annual state minimum wage release table (2025-2026)
Connecticut,2024-01-01,2024,15.0,15.69,0.69,4.6,USDOL historical state table (2009-2024); FRED annual state minimum wage release table (2025-2026)
Connecticut,2025-01-01,2025,15.69,16.35,0.66,4.21,USDOL historical state table (2009-2024); FRED annual state minimum wage release table (2025-2026)
Connecticut,2026-01-01,2026,16.35,16.94,0.59,3.61,USDOL historical state table (2009-2024); FRED annual state minimum wage release table (2025-2026)
Delaware,2010-01-01,2010,7.15,7.25,0.1,1.4,USDOL historical state table (2009-2024); FRED annual state minimum wage release table (2025-2026)
Delaware,2014-01-01,2014,7.25,7.75,0.5,6.9,USDOL historical state table (2009-2024); FRED annual state minimum wage release table (2025-2026)
Delaware,2015-01-01,2015,7.75,8.25,0.5,6.45,USDOL historical state table (2009-2024); FRED annual state minimum wage release table (2025-2026)
Delaware,2019-01-01,2019,8.25,9.25,1.0,12.12,USDOL historical state table (2009-2024); FRED annual state minimum wage release table (2025-2026)
Delaware,2022-01-01,2022,9.25,10.5,1.25,13.51,USDOL historical state table (2009-2024); FRED annual state minimum wage release table (2025-2026)
Delaware,2023-01-01,2023,10.5,11.75,1.25,11.9,USDOL historical state table (2009-2024); FRED annual state minimum wage release table (2025-2026)
Delaware,2024-01-01,2024,11.75,13.25,1.5,12.77,USDOL historical state table (2009-2024); FRED annual state minimum wage release table (2025-2026)
Delaware,2025-01-01,2025,13.25,15.0,1.75,13.21,USDOL historical state table (2009-2024); FRED annual state minimum wage release table (2025-2026)
District of Columbia,2010-01-01,2010,7.55,8.25,0.7,9.27,USDOL historical state table (2009-2024); FRED annual state minimum wage release table (2025-2026)
District of Columbia,2014-01-01,2014,8.25,9.5,1.25,15.15,USDOL historical state table (2009-2024); FRED annual state minimum wage release table (2025-2026)
District of Columbia,2015-01-01,2015,9.5,10.5,1.0,10.53,USDOL historical state table (2009-2024); FRED annual state minimum wage release table (2025-2026)
District of Columbia,2016-01-01,2016,10.5,11.5,1.0,9.52,USDOL historical state table (2009-2024); FRED annual state minimum wage release table (2025-2026)
District of Columbia,2018-01-01,2018,11.5,13.25,1.75,15.22,USDOL historical state table (2009-2024); FRED annual state minimum wage release table (2025-2026)
District of Columbia,2019-01-01,2019,13.25,14.0,0.75,5.66,USDOL historical state table (2009-2024); FRED annual state minimum wage release table (2025-2026)
District of Columbia,2020-01-01,2020,14.0,15.0,1.0,7.14,USDOL historical state table (2009-2024); FRED annual state minimum wage release table (2025-2026)
District of Columbia,2021-01-01,2021,15.0,15.2,0.2,1.33,USDOL historical state table (2009-2024); FRED annual state minimum wage release table (2025-2026)
District of Columbia,2022-01-01,2022,15.2,16.1,0.9,5.92,USDOL historical state table (2009-2024); FRED annual state minimum wage release table (2025-2026)
District of Columbia,2023-01-01,2023,16.1,17.0,0.9,5.59,USDOL historical state table (2009-2024); FRED annual state minimum wage release table (2025-2026)
District of Columbia,2024-01-01,2024,17.0,17.5,0.5,2.94,USDOL historical state table (2009-2024); FRED annual state minimum wage release table (2025-2026)
District of Columbia,2026-01-01,2026,17.5,17.95,0.45,2.57,USDOL historical state table (2009-2024); FRED annual state minimum wage release table (2025-2026)
Florida,2010-01-01,2010,7.21,7.25,0.04,0.55,USDOL historical state table (2009-2024); FRED annual state minimum wage release table (2025-2026)
Florida,2012-01-01,2012,7.25,7.67,0.42,5.79,USDOL historical state table (2009-2024); FRED annual state minimum wage release table (2025-2026)
Florida,2013-01-01,2013,7.67,7.79,0.12,1.56,USDOL historical state table (2009-2024); FRED annual state minimum wage release table (2025-2026)
Florida,2014-01-01,2014,7.79,7.93,0.14,1.8,USDOL historical state table (2009-2024); FRED annual state minimum wage release table (2025-2026)
Florida,2015-01-01,2015,7.93,8.05,0.12,1.51,USDOL historical state table (2009-2024); FRED annual state minimum wage release table (2025-2026)
Florida,2017-01-01,2017,8.05,8.1,0.05,0.62,USDOL historical state table (2009-2024); FRED annual state minimum wage release table (2025-2026)
Florida,2018-01-01,2018,8.1,8.25,0.15,1.85,USDOL historical state table (2009-2024); FRED annual state minimum wage release table (2025-2026)
Florida,2019-01-01,2019,8.25,8.56,0.31,3.76,USDOL historical state table (2009-2024); FRED annual state minimum wage release table (2025-2026)
Florida,2021-01-01,2021,8.56,10.0,1.44,16.82,USDOL historical state table (2009-2024); FRED annual state minimum wage release table (2025-2026)
Florida,2023-01-01,2023,10.0,12.0,2.0,20.0,USDOL historical state table (2009-2024); FRED annual state minimum wage release table (2025-2026)
Florida,2025-01-01,2025,12.0,13.0,1.0,8.33,USDOL historical state table (2009-2024); FRED annual state minimum wage release table (2025-2026)
Florida,2026-01-01,2026,13.0,14.0,1.0,7.69,USDOL historical state table (2009-2024); FRED annual state minimum wage release table (2025-2026)
Hawaii,2015-01-01,2015,7.25,7.75,0.5,6.9,USDOL historical state table (2009-2024); FRED annual state minimum wage release table (2025-2026)
Hawaii,2016-01-01,2016,7.75,8.5,0.75,9.68,USDOL historical state table (2009-2024); FRED annual state minimum wage release table (2025-2026)
Hawaii,2017-01-01,2017,8.5,9.25,0.75,8.82,USDOL historical state table (2009-2024); FRED annual state minimum wage release table (2025-2026)
Hawaii,2018-01-01,2018,9.25,10.1,0.85,9.19,USDOL historical state table (2009-2024); FRED annual state minimum wage release table (2025-2026)
Hawaii,2022-01-01,2022,10.1,12.0,1.9,18.81,USDOL historical state table (2009-2024); FRED annual state minimum wage release table (2025-2026)
Hawaii,2024-01-01,2024,12.0,14.0,2.0,16.67,USDOL historical state table (2009-2024); FRED annual state minimum wage release table (2025-2026)
Hawaii,2026-01-01,2026,14.0,16.0,2.0,14.29,USDOL historical state table (2009-2024); FRED annual state minimum wage release table (2025-2026)
Idaho,2010-01-01,2010,6.55,7.25,0.7,10.69,USDOL historical state table (2009-2024); FRED annual state minimum wage release table (2025-2026)
Illinois,2010-01-01,2010,8.0,8.25,0.25,3.12,USDOL historical state table (2009-2024); FRED annual state minimum wage release table (2025-2026)
Illinois,2019-01-01,2019,8.25,9.25,1.0,12.12,USDOL historical state table (2009-2024); FRED annual state minimum wage release table (2025-2026)
Illinois,2020-01-01,2020,9.25,10.0,0.75,8.11,USDOL historical state table (2009-2024); FRED annual state minimum wage release table (2025-2026)
Illinois,2021-01-01,2021,10.0,11.0,1.0,10.0,USDOL historical state table (2009-2024); FRED annual state minimum wage release table (2025-2026)
Illinois,2022-01-01,2022,11.0,12.0,1.0,9.09,USDOL historical state table (2009-2024); FRED annual state minimum wage release table (2025-2026)
Illinois,2023-01-01,2023,12.0,13.0,1.0,8.33,USDOL historical state table (2009-2024); FRED annual state minimum wage release table (2025-2026)
Illinois,2024-01-01,2024,13.0,14.0,1.0,7.69,USDOL historical state table (2009-2024); FRED annual state minimum wage release table (2025-2026)
Illinois,2025-01-01,2025,14.0,15.0,1.0,7.14,USDOL historical state table (2009-2024); FRED annual state minimum wage release table (2025-2026)
Indiana,2010-01-01,2010,6.55,7.25,0.7,10.69,USDOL historical state table (2009-2024); FRED annual state minimum wage release table (2025-2026)
Kansas,2010-01-01,2010,2.65,7.25,4.6,173.58,USDOL historical state table (2009-2024); FRED annual state minimum wage release table (2025-2026)
Kentucky,2010-01-01,2010,6.55,7.25,0.7,10.69,USDOL historical state table (2009-2024); FRED annual state minimum wage release table (2025-2026)
Maine,2010-01-01,2010,7.25,7.5,0.25,3.45,USDOL historical state table (2009-2024); FRED annual state minimum wage release table (2025-2026)
Maine,2017-01-01,2017,7.5,9.0,1.5,20.0,USDOL historical state table (2009-2024); FRED annual state minimum wage release table (2025-2026)
Maine,2018-01-01,2018,9.0,10.0,1.0,11.11,USDOL historical state table (2009-2024); FRED annual state minimum wage release table (2025-2026)
Maine,2019-01-01,2019,10.0,12.0,2.0,20.0,USDOL historical state table (2009-2024); FRED annual state minimum wage release table (2025-2026)
Maine,2021-01-01,2021,12.0,12.15,0.15,1.25,USDOL historical state table (2009-2024); FRED annual state minimum wage release table (2025-2026)
Maine,2022-01-01,2022,12.15,12.75,0.6,4.94,USDOL historical state table (2009-2024); FRED annual state minimum wage release table (2025-2026)
Maine,2023-01-01,2023,12.75,13.8,1.05,8.24,USDOL historical state table (2009-2024); FRED annual state minimum wage release table (2025-2026)
Maine,2024-01-01,2024,13.8,14.15,0.35,2.54,USDOL historical state table (2009-2024); FRED annual state minimum wage release table (2025-2026)
Maine,2025-01-01,2025,14.15,14.65,0.5,3.53,USDOL historical state table (2009-2024); FRED annual state minimum wage release table (2025-2026)
Maine,2026-01-01,2026,14.65,15.1,0.45,3.07,USDOL historical state table (2009-2024); FRED annual state minimum wage release table (2025-2026)
Maryland,2010-01-01,2010,6.55,7.25,0.7,10.69,USDOL historical state table (2009-2024); FRED annual state minimum wage release table (2025-2026)
Maryland,2015-01-01,2015,7.25,8.25,1.0,13.79,USDOL historical state table (2009-2024); FRED annual state minimum wage release table (2025-2026)
Maryland,2016-01-01,2016,8.25,8.75,0.5,6.06,USDOL historical state table (2009-2024); FRED annual state minimum wage release table (2025-2026)
Maryland,2018-01-01,2018,8.75,10.1,1.35,15.43,USDOL historical state table (2009-2024); FRED annual state minimum wage release table (2025-2026)
Maryland,2019-01-01,2019,10.1,11.0,0.9,8.91,USDOL historical state table (2009-2024); FRED annual state minimum wage release table (2025-2026)
Maryland,2021-01-01,2021,11.0,11.75,0.75,6.82,USDOL historical state table (2009-2024); FRED annual state minimum wage release table (2025-2026)
Maryland,2022-01-01,2022,11.75,12.5,0.75,6.38,USDOL historical state table (2009-2024); FRED annual state minimum wage release table (2025-2026)
Maryland,2023-01-01,2023,12.5,13.25,0.75,6.0,USDOL historical state table (2009-2024); FRED annual state minimum wage release table (2025-2026)
Maryland,2024-01-01,2024,13.25,15.0,1.75,13.21,USDOL historical state table (2009-2024); FRED annual state minimum wage release table (2025-2026)
Massachusetts,2015-01-01,2015,8.0,9.0,1.0,12.5,USDOL historical state table (2009-2024); FRED annual state minimum wage release table (2025-2026)
Massachusetts,2016-01-01,2016,9.0,10.0,1.0,11.11,USDOL historical state table (2009-2024); FRED annual state minimum wage release table (2025-2026)
Massachusetts,2017-01-01,2017,10.0,11.0,1.0,10.0,USDOL historical state table (2009-2024); FRED annual state minimum wage release table (2025-2026)
Massachusetts,2019-01-01,2019,11.0,12.0,1.0,9.09,USDOL historical state table (2009-2024); FRED annual state minimum wage release table (2025-2026)
Massachusetts,2020-01-01,2020,12.0,12.75,0.75,6.25,USDOL historical state table (2009-2024); FRED annual state minimum wage release table (2025-2026)
Massachusetts,2021-01-01,2021,12.75,13.5,0.75,5.88,USDOL historical state table (2009-2024); FRED annual state minimum wage release table (2025-2026)
Massachusetts,2022-01-01,2022,13.5,14.25,0.75,5.56,USDOL historical state table (2009-2024); FRED annual state minimum wage release table (2025-2026)
Massachusetts,2023-01-01,2023,14.25,15.0,0.75,5.26,USDOL historical state table (2009-2024); FRED annual state minimum wage release table (2025-2026)
Michigan,2014-01-01,2014,7.4,8.15,0.75,10.14,USDOL historical state table (2009-2024); FRED annual state minimum wage release table (2025-2026)
Michigan,2016-01-01,2016,8.15,8.5,0.35,4.29,USDOL historical state table (2009-2024); FRED annual state minimum wage release table (2025-2026)
Michigan,2017-01-01,2017,8.5,8.9,0.4,4.71,USDOL historical state table (2009-2024); FRED annual state minimum wage release table (2025-2026)
Michigan,2018-01-01,2018,8.9,9.25,0.35,3.93,USDOL historical state table (2009-2024); FRED annual state minimum wage release table (2025-2026)
Michigan,2019-01-01,2019,9.25,9.65,0.4,4.32,USDOL historical state table (2009-2024); FRED annual state minimum wage release table (2025-2026)
Michigan,2022-01-01,2022,9.65,9.87,0.22,2.28,USDOL historical state table (2009-2024); FRED annual state minimum wage release table (2025-2026)
Michigan,2023-01-01,2023,9.87,10.1,0.23,2.33,USDOL historical state table (2009-2024); FRED annual state minimum wage release table (2025-2026)
Michigan,2024-01-01,2024,10.1,10.33,0.23,2.28,USDOL historical state table (2009-2024); FRED annual state minimum wage release table (2025-2026)
Michigan,2025-01-01,2025,10.33,10.56,0.23,2.23,USDOL historical state table (2009-2024); FRED annual state minimum wage release table (2025-2026)
Michigan,2026-01-01,2026,10.56,13.73,3.17,30.02,USDOL historical state table (2009-2024); FRED annual state minimum wage release table (2025-2026)
Minnesota,2014-01-01,2014,6.15,8.0,1.85,30.08,USDOL historical state table (2009-2024); FRED annual state minimum wage release table (2025-2026)
Minnesota,2015-01-01,2015,8.0,9.0,1.0,12.5,USDOL historical state table (2009-2024); FRED annual state minimum wage release table (2025-2026)
Minnesota,2016-01-01,2016,9.0,9.5,0.5,5.56,USDOL historical state table (2009-2024); FRED annual state minimum wage release table (2025-2026)
Minnesota,2018-01-01,2018,9.5,9.86,0.36,3.79,USDOL historical state table (2009-2024); FRED annual state minimum wage release table (2025-2026)
Minnesota,2019-01-01,2019,9.86,10.0,0.14,1.42,USDOL historical state table (2009-2024); FRED annual state minimum wage release table (2025-2026)
Minnesota,2021-01-01,2021,10.0,10.08,0.08,0.8,USDOL historical state table (2009-2024); FRED annual state minimum wage release table (2025-2026)
Minnesota,2022-01-01,2022,10.08,10.33,0.25,2.48,USDOL historical state table (2009-2024); FRED annual state minimum wage release table (2025-2026)
Minnesota,2023-01-01,2023,10.33,10.59,0.26,2.52,USDOL historical state table (2009-2024); FRED annual state minimum wage release table (2025-2026)
Minnesota,2024-01-01,2024,10.59,10.85,0.26,2.46,USDOL historical state table (2009-2024); FRED annual state minimum wage release table (2025-2026)
Minnesota,2025-01-01,2025,10.85,11.13,0.28,2.58,USDOL historical state table (2009-2024); FRED annual state minimum wage release table (2025-2026)
Minnesota,2026-01-01,2026,11.13,11.41,0.28,2.52,USDOL historical state table (2009-2024); FRED annual state minimum wage release table (2025-2026)
Missouri,2010-01-01,2010,7.05,7.25,0.2,2.84,USDOL historical state table (2009-2024); FRED annual state minimum wage release table (2025-2026)
Missouri,2012-01-01,2012,7.25,7.35,0.1,1.38,USDOL historical state table (2009-2024); FRED annual state minimum wage release table (2025-2026)
Missouri,2014-01-01,2014,7.35,7.5,0.15,2.04,USDOL historical state table (2009-2024); FRED annual state minimum wage release table (2025-2026)
Missouri,2015-01-01,2015,7.5,7.65,0.15,2.0,USDOL historical state table (2009-2024); FRED annual state minimum wage release table (2025-2026)
Missouri,2017-01-01,2017,7.65,7.7,0.05,0.65,USDOL historical state table (2009-2024); FRED annual state minimum wage release table (2025-2026)
Missouri,2018-01-01,2018,7.7,7.85,0.15,1.95,USDOL historical state table (2009-2024); FRED annual state minimum wage release table (2025-2026)
Missouri,2019-01-01,2019,7.85,9.45,1.6,20.38,USDOL historical state table (2009-2024); FRED annual state minimum wage release table (2025-2026)
Missouri,2021-01-01,2021,9.45,10.3,0.85,8.99,USDOL historical state table (2009-2024); FRED annual state minimum wage release table (2025-2026)
Missouri,2022-01-01,2022,10.3,11.15,0.85,8.25,USDOL historical state table (2009-2024); FRED annual state minimum wage release table (2025-2026)
Missouri,2023-01-01,2023,11.15,12.0,0.85,7.62,USDOL historical state table (2009-2024); FRED annual state minimum wage release table (2025-2026)
Missouri,2024-01-01,2024,12.0,12.3,0.3,2.5,USDOL historical state table (2009-2024); FRED annual state minimum wage release table (2025-2026)
Missouri,2025-01-01,2025,12.3,13.75,1.45,11.79,USDOL historical state table (2009-2024); FRED annual state minimum wage release table (2025-2026)
Missouri,2026-01-01,2026,13.75,15.0,1.25,9.09,USDOL historical state table (2009-2024); FRED annual state minimum wage release table (2025-2026)
Montana,2010-01-01,2010,6.9,7.25,0.35,5.07,USDOL historical state table (2009-2024); FRED annual state minimum wage release table (2025-2026)
Montana,2011-01-01,2011,7.25,7.35,0.1,1.38,USDOL historical state table (2009-2024); FRED annual state minimum wage release table (2025-2026)
Montana,2012-01-01,2012,7.35,7.65,0.3,4.08,USDOL historical state table (2009-2024); FRED annual state minimum wage release table (2025-2026)
Montana,2013-01-01,2013,7.65,7.8,0.15,1.96,USDOL historical state table (2009-2024); FRED annual state minimum wage release table (2025-2026)
Montana,2014-01-01,2014,7.8,7.9,0.1,1.28,USDOL historical state table (2009-2024); FRED annual state minimum wage release table (2025-2026)
Montana,2015-01-01,2015,7.9,8.05,0.15,1.9,USDOL historical state table (2009-2024); FRED annual state minimum wage release table (2025-2026)
Montana,2017-01-01,2017,8.05,8.15,0.1,1.24,USDOL historical state table (2009-2024); FRED annual state minimum wage release table (2025-2026)
Montana,2018-01-01,2018,8.15,8.3,0.15,1.84,USDOL historical state table (2009-2024); FRED annual state minimum wage release table (2025-2026)
Montana,2019-01-01,2019,8.3,8.65,0.35,4.22,USDOL historical state table (2009-2024); FRED annual state minimum wage release table (2025-2026)
Montana,2021-01-01,2021,8.65,8.75,0.1,1.16,USDOL historical state table (2009-2024); FRED annual state minimum wage release table (2025-2026)
Montana,2022-01-01,2022,8.75,9.2,0.45,5.14,USDOL historical state table (2009-2024); FRED annual state minimum wage release table (2025-2026)
Montana,2023-01-01,2023,9.2,9.95,0.75,8.15,USDOL historical state table (2009-2024); FRED annual state minimum wage release table (2025-2026)
Montana,2024-01-01,2024,9.95,10.3,0.35,3.52,USDOL historical state table (2009-2024); FRED annual state minimum wage release table (2025-2026)
Montana,2025-01-01,2025,10.3,10.55,0.25,2.43,USDOL historical state table (2009-2024); FRED annual state minimum wage release table (2025-2026)
Montana,2026-01-01,2026,10.55,10.853,0.303,2.87,USDOL historical state table (2009-2024); FRED annual state minimum wage release table (2025-2026)
Nebraska,2010-01-01,2010,6.55,7.25,0.7,10.69,USDOL historical state table (2009-2024); FRED annual state minimum wage release table (2025-2026)
Nebraska,2015-01-01,2015,7.25,8.0,0.75,10.34,USDOL historical state table (2009-2024); FRED annual state minimum wage release table (2025-2026)
Nebraska,2016-01-01,2016,8.0,9.0,1.0,12.5,USDOL historical state table (2009-2024); FRED annual state minimum wage release table (2025-2026)
Nebraska,2023-01-01,2023,9.0,10.5,1.5,16.67,USDOL historical state table (2009-2024); FRED annual state minimum wage release table (2025-2026)
Nebraska,2024-01-01,2024,10.5,12.0,1.5,14.29,USDOL historical state table (2009-2024); FRED annual state minimum wage release table (2025-2026)
Nebraska,2025-01-01,2025,12.0,13.5,1.5,12.5,USDOL historical state table (2009-2024); FRED annual state minimum wage release table (2025-2026)
Nebraska,2026-01-01,2026,13.5,15.0,1.5,11.11,USDOL historical state table (2009-2024); FRED annual state minimum wage release table (2025-2026)
Nevada,2010-01-01,2010,6.85,7.55,0.7,10.22,USDOL historical state table (2009-2024); FRED annual state minimum wage release table (2025-2026)
Nevada,2011-01-01,2011,7.55,8.25,0.7,9.27,USDOL historical state table (2009-2024); FRED annual state minimum wage release table (2025-2026)
Nevada,2020-01-01,2020,8.25,9.0,0.75,9.09,USDOL historical state table (2009-2024); FRED annual state minimum wage release table (2025-2026)
Nevada,2021-01-01,2021,9.0,9.75,0.75,8.33,USDOL historical state table (2009-2024); FRED annual state minimum wage release table (2025-2026)
Nevada,2022-01-01,2022,9.75,10.5,0.75,7.69,USDOL historical state table (2009-2024); FRED annual state minimum wage release table (2025-2026)
Nevada,2023-01-01,2023,10.5,11.25,0.75,7.14,USDOL historical state table (2009-2024); FRED annual state minimum wage release table (2025-2026)
Nevada,2024-01-01,2024,11.25,12.0,0.75,6.67,USDOL historical state table (2009-2024); FRED annual state minimum wage release table (2025-2026)
New Jersey,2010-01-01,2010,7.15,7.25,0.1,1.4,USDOL historical state table (2009-2024); FRED annual state minimum wage release table (2025-2026)
New Jersey,2014-01-01,2014,7.25,8.25,1.0,13.79,USDOL historical state table (2009-2024); FRED annual state minimum wage release table (2025-2026)
New Jersey,2015-01-01,2015,8.25,8.38,0.13,1.58,USDOL historical state table (2009-2024); FRED annual state minimum wage release table (2025-2026)
New Jersey,2017-01-01,2017,8.38,8.44,0.06,0.72,USDOL historical state table (2009-2024); FRED annual state minimum wage release table (2025-2026)
New Jersey,2018-01-01,2018,8.44,8.6,0.16,1.9,USDOL historical state table (2009-2024); FRED annual state minimum wage release table (2025-2026)
New Jersey,2019-01-01,2019,8.6,11.0,2.4,27.91,USDOL historical state table (2009-2024); FRED annual state minimum wage release table (2025-2026)
New Jersey,2021-01-01,2021,11.0,12.0,1.0,9.09,USDOL historical state table (2009-2024); FRED annual state minimum wage release table (2025-2026)
New Jersey,2022-01-01,2022,12.0,13.0,1.0,8.33,USDOL historical state table (2009-2024); FRED annual state minimum wage release table (2025-2026)
New Jersey,2023-01-01,2023,13.0,14.13,1.13,8.69,USDOL historical state table (2009-2024); FRED annual state minimum wage release table (2025-2026)
New Jersey,2024-01-01,2024,14.13,15.13,1.0,7.08,USDOL historical state table (2009-2024); FRED annual state minimum wage release table (2025-2026)
New Jersey,2025-01-01,2025,15.13,15.49,0.36,2.38,USDOL historical state table (2009-2024); FRED annual state minimum wage release table (2025-2026)
New Jersey,2026-01-01,2026,15.49,15.92,0.43,2.78,USDOL historical state table (2009-2024); FRED annual state minimum wage release table (2025-2026)
New Mexico,2019-01-01,2019,7.5,9.0,1.5,20.0,USDOL historical state table (2009-2024); FRED annual state minimum wage release table (2025-2026)
New Mexico,2021-01-01,2021,9.0,10.5,1.5,16.67,USDOL historical state table (2009-2024); FRED annual state minimum wage release table (2025-2026)
New Mexico,2022-01-01,2022,10.5,11.5,1.0,9.52,USDOL historical state table (2009-2024); FRED annual state minimum wage release table (2025-2026)
New Mexico,2023-01-01,2023,11.5,12.0,0.5,4.35,USDOL historical state table (2009-2024); FRED annual state minimum wage release table (2025-2026)
New York,2010-01-01,2010,7.15,7.25,0.1,1.4,USDOL historical state table (2009-2024); FRED annual state minimum wage release table (2025-2026)
New York,2014-01-01,2014,7.25,8.0,0.75,10.34,USDOL historical state table (2009-2024); FRED annual state minimum wage release table (2025-2026)
New York,2015-01-01,2015,8.0,8.75,0.75,9.38,USDOL historical state table (2009-2024); FRED annual state minimum wage release table (2025-2026)
New York,2016-01-01,2016,8.75,9.0,0.25,2.86,USDOL historical state table (2009-2024); FRED annual state minimum wage release table (2025-2026)
New York,2017-01-01,2017,9.0,9.7,0.7,7.78,USDOL historical state table (2009-2024); FRED annual state minimum wage release table (2025-2026)
New York,2018-01-01,2018,9.7,10.4,0.7,7.22,USDOL historical state table (2009-2024); FRED annual state minimum wage release table (2025-2026)
New York,2019-01-01,2019,10.4,11.8,1.4,13.46,USDOL historical state table (2009-2024); FRED annual state minimum wage release table (2025-2026)
New York,2021-01-01,2021,11.8,12.5,0.7,5.93,USDOL historical state table (2009-2024); FRED annual state minimum wage release table (2025-2026)
New York,2022-01-01,2022,12.5,13.2,0.7,5.6,USDOL historical state table (2009-2024); FRED annual state minimum wage release table (2025-2026)
New York,2023-01-01,2023,13.2,14.2,1.0,7.58,USDOL historical state table (2009-2024); FRED annual state minimum wage release table (2025-2026)
New York,2024-01-01,2024,14.2,15.0,0.8,5.63,USDOL historical state table (2009-2024); FRED annual state minimum wage release table (2025-2026)
New York,2025-01-01,2025,15.0,16.5,1.5,10.0,USDOL historical state table (2009-2024); FRED annual state minimum wage release table (2025-2026)
New York,2026-01-01,2026,16.5,17.0,0.5,3.03,USDOL historical state table (2009-2024); FRED annual state minimum wage release table (2025-2026)
Ohio,2011-01-01,2011,7.3,7.4,0.1,1.37,USDOL historical state table (2009-2024); FRED annual state minimum wage release table (2025-2026)
Ohio,2012-01-01,2012,7.4,7.7,0.3,4.05,USDOL historical state table (2009-2024); FRED annual state minimum wage release table (2025-2026)
Ohio,2013-01-01,2013,7.7,7.85,0.15,1.95,USDOL historical state table (2009-2024); FRED annual state minimum wage release table (2025-2026)
Ohio,2014-01-01,2014,7.85,7.95,0.1,1.27,USDOL historical state table (2009-2024); FRED annual state minimum wage release table (2025-2026)
Ohio,2015-01-01,2015,7.95,8.1,0.15,1.89,USDOL historical state table (2009-2024); FRED annual state minimum wage release table (2025-2026)
Ohio,2017-01-01,2017,8.1,8.15,0.05,0.62,USDOL historical state table (2009-2024); FRED annual state minimum wage release table (2025-2026)
Ohio,2018-01-01,2018,8.15,8.3,0.15,1.84,USDOL historical state table (2009-2024); FRED annual state minimum wage release table (2025-2026)
Ohio,2019-01-01,2019,8.3,8.7,0.4,4.82,USDOL historical state table (2009-2024); FRED annual state minimum wage release table (2025-2026)
Ohio,2021-01-01,2021,8.7,8.8,0.1,1.15,USDOL historical state table (2009-2024); FRED annual state minimum wage release table (2025-2026)
Ohio,2022-01-01,2022,8.8,9.3,0.5,5.68,USDOL historical state table (2009-2024); FRED annual state minimum wage release table (2025-2026)
Ohio,2023-01-01,2023,9.3,10.1,0.8,8.6,USDOL historical state table (2009-2024); FRED annual state minimum wage release table (2025-2026)
Ohio,2024-01-01,2024,10.1,10.45,0.35,3.47,USDOL historical state table (2009-2024); FRED annual state minimum wage release table (2025-2026)
Ohio,2025-01-01,2025,10.45,10.7,0.25,2.39,USDOL historical state table (2009-2024); FRED annual state minimum wage release table (2025-2026)
Ohio,2026-01-01,2026,10.7,11.0,0.3,2.8,USDOL historical state table (2009-2024); FRED annual state minimum wage release table (2025-2026)
Oregon,2011-01-01,2011,8.4,8.5,0.1,1.19,USDOL historical state table (2009-2024); FRED annual state minimum wage release table (2025-2026)
Oregon,2012-01-01,2012,8.5,8.8,0.3,3.53,USDOL historical state table (2009-2024); FRED annual state minimum wage release table (2025-2026)
Oregon,2013-01-01,2013,8.8,8.95,0.15,1.7,USDOL historical state table (2009-2024); FRED annual state minimum wage release table (2025-2026)
Oregon,2014-01-01,2014,8.95,9.1,0.15,1.68,USDOL historical state table (2009-2024); FRED annual state minimum wage release table (2025-2026)
Oregon,2015-01-01,2015,9.1,9.25,0.15,1.65,USDOL historical state table (2009-2024); FRED annual state minimum wage release table (2025-2026)
Oregon,2016-01-01,2016,9.25,9.75,0.5,5.41,USDOL historical state table (2009-2024); FRED annual state minimum wage release table (2025-2026)
Oregon,2018-01-01,2018,9.75,10.75,1.0,10.26,USDOL historical state table (2009-2024); FRED annual state minimum wage release table (2025-2026)
Oregon,2019-01-01,2019,10.75,11.25,0.5,4.65,USDOL historical state table (2009-2024); FRED annual state minimum wage release table (2025-2026)
Oregon,2020-01-01,2020,11.25,12.0,0.75,6.67,USDOL historical state table (2009-2024); FRED annual state minimum wage release table (2025-2026)
Oregon,2021-01-01,2021,12.0,12.75,0.75,6.25,USDOL historical state table (2009-2024); FRED annual state minimum wage release table (2025-2026)
Oregon,2022-01-01,2022,12.75,13.5,0.75,5.88,USDOL historical state table (2009-2024); FRED annual state minimum wage release table (2025-2026)
Oregon,2023-01-01,2023,13.5,14.2,0.7,5.19,USDOL historical state table (2009-2024); FRED annual state minimum wage release table (2025-2026)
Oregon,2024-01-01,2024,14.2,14.7,0.5,3.52,USDOL historical state table (2009-2024); FRED annual state minimum wage release table (2025-2026)
Oregon,2025-01-01,2025,14.7,15.95,1.25,8.5,USDOL historical state table (2009-2024); FRED annual state minimum wage release table (2025-2026)
Oregon,2026-01-01,2026,15.95,16.3,0.35,2.19,USDOL historical state table (2009-2024); FRED annual state minimum wage release table (2025-2026)
Rhode Island,2013-01-01,2013,7.4,7.75,0.35,4.73,USDOL historical state table (2009-2024); FRED annual state minimum wage release table (2025-2026)
Rhode Island,2014-01-01,2014,7.75,8.0,0.25,3.23,USDOL historical state table (2009-2024); FRED annual state minimum wage release table (2025-2026)
Rhode Island,2015-01-01,2015,8.0,9.0,1.0,12.5,USDOL historical state table (2009-2024); FRED annual state minimum wage release table (2025-2026)
Rhode Island,2016-01-01,2016,9.0,9.6,0.6,6.67,USDOL historical state table (2009-2024); FRED annual state minimum wage release table (2025-2026)
Rhode Island,2018-01-01,2018,9.6,10.1,0.5,5.21,USDOL historical state table (2009-2024); FRED annual state minimum wage release table (2025-2026)
Rhode Island,2019-01-01,2019,10.1,10.5,0.4,3.96,USDOL historical state table (2009-2024); FRED annual state minimum wage release table (2025-2026)
Rhode Island,2020-01-01,2020,10.5,11.5,1.0,9.52,USDOL historical state table (2009-2024); FRED annual state minimum wage release table (2025-2026)
Rhode Island,2022-01-01,2022,11.5,12.25,0.75,6.52,USDOL historical state table (2009-2024); FRED annual state minimum wage release table (2025-2026)
Rhode Island,2023-01-01,2023,12.25,13.0,0.75,6.12,USDOL historical state table (2009-2024); FRED annual state minimum wage release table (2025-2026)
Rhode Island,2024-01-01,2024,13.0,14.0,1.0,7.69,USDOL historical state table (2009-2024); FRED annual state minimum wage release table (2025-2026)
Rhode Island,2025-01-01,2025,14.0,15.0,1.0,7.14,USDOL historical state table (2009-2024); FRED annual state minimum wage release table (2025-2026)
Rhode Island,2026-01-01,2026,15.0,16.0,1.0,6.67,USDOL historical state table (2009-2024); FRED annual state minimum wage release table (2025-2026)
South Dakota,2010-01-01,2010,6.55,7.25,0.7,10.69,USDOL historical state table (2009-2024); FRED annual state minimum wage release table (2025-2026)
South Dakota,2015-01-01,2015,7.25,8.5,1.25,17.24,USDOL historical state table (2009-2024); FRED annual state minimum wage release table (2025-2026)
South Dakota,2016-01-01,2016,8.5,8.55,0.05,0.59,USDOL historical state table (2009-2024); FRED annual state minimum wage release table (2025-2026)
South Dakota,2017-01-01,2017,8.55,8.65,0.1,1.17,USDOL historical state table (2009-2024); FRED annual state minimum wage release table (2025-2026)
South Dakota,2018-01-01,2018,8.65,8.85,0.2,2.31,USDOL historical state table (2009-2024); FRED annual state minimum wage release table (2025-2026)
South Dakota,2019-01-01,2019,8.85,9.3,0.45,5.08,USDOL historical state table (2009-2024); FRED annual state minimum wage release table (2025-2026)
South Dakota,2021-01-01,2021,9.3,9.45,0.15,1.61,USDOL historical state table (2009-2024); FRED annual state minimum wage release table (2025-2026)
South Dakota,2022-01-01,2022,9.45,9.95,0.5,5.29,USDOL historical state table (2009-2024); FRED annual state minimum wage release table (2025-2026)
South Dakota,2023-01-01,2023,9.95,10.8,0.85,8.54,USDOL historical state table (2009-2024); FRED annual state minimum wage release table (2025-2026)
South Dakota,2024-01-01,2024,10.8,11.2,0.4,3.7,USDOL historical state table (2009-2024); FRED annual state minimum wage release table (2025-2026)
South Dakota,2025-01-01,2025,11.2,11.5,0.3,2.68,USDOL historical state table (2009-2024); FRED annual state minimum wage release table (2025-2026)
South Dakota,2026-01-01,2026,11.5,11.85,0.35,3.04,USDOL historical state table (2009-2024); FRED annual state minimum wage release table (2025-2026)
Vermont,2011-01-01,2011,8.06,8.15,0.09,1.12,USDOL historical state table (2009-2024); FRED annual state minimum wage release table (2025-2026)
Vermont,2012-01-01,2012,8.15,8.46,0.31,3.8,USDOL historical state table (2009-2024); FRED annual state minimum wage release table (2025-2026)
Vermont,2013-01-01,2013,8.46,8.6,0.14,1.65,USDOL historical state table (2009-2024); FRED annual state minimum wage release table (2025-2026)
Vermont,2014-01-01,2014,8.6,8.73,0.13,1.51,USDOL historical state table (2009-2024); FRED annual state minimum wage release table (2025-2026)
Vermont,2015-01-01,2015,8.73,9.15,0.42,4.81,USDOL historical state table (2009-2024); FRED annual state minimum wage release table (2025-2026)
Vermont,2016-01-01,2016,9.15,9.6,0.45,4.92,USDOL historical state table (2009-2024); FRED annual state minimum wage release table (2025-2026)
Vermont,2017-01-01,2017,9.6,10.0,0.4,4.17,USDOL historical state table (2009-2024); FRED annual state minimum wage release table (2025-2026)
Vermont,2018-01-01,2018,10.0,10.5,0.5,5.0,USDOL historical state table (2009-2024); FRED annual state minimum wage release table (2025-2026)
Vermont,2019-01-01,2019,10.5,10.96,0.46,4.38,USDOL historical state table (2009-2024); FRED annual state minimum wage release table (2025-2026)
Vermont,2021-01-01,2021,10.96,11.75,0.79,7.21,USDOL historical state table (2009-2024); FRED annual state minimum wage release table (2025-2026)
Vermont,2022-01-01,2022,11.75,12.55,0.8,6.81,USDOL historical state table (2009-2024); FRED annual state minimum wage release table (2025-2026)
Vermont,2023-01-01,2023,12.55,13.18,0.63,5.02,USDOL historical state table (2009-2024); FRED annual state minimum wage release table (2025-2026)
Vermont,2024-01-01,2024,13.18,13.67,0.49,3.72,USDOL historical state table (2009-2024); FRED annual state minimum wage release table (2025-2026)
Vermont,2025-01-01,2025,13.67,14.01,0.34,2.49,USDOL historical state table (2009-2024); FRED annual state minimum wage release table (2025-2026)
Vermont,2026-01-01,2026,14.01,14.42,0.41,2.93,USDOL historical state table (2009-2024); FRED annual state minimum wage release table (2025-2026)
Virginia,2010-01-01,2010,6.55,7.25,0.7,10.69,USDOL historical state table (2009-2024); FRED annual state minimum wage release table (2025-2026)
Virginia,2021-01-01,2021,7.25,9.5,2.25,31.03,USDOL historical state table (2009-2024); FRED annual state minimum wage release table (2025-2026)
Virginia,2022-01-01,2022,9.5,11.0,1.5,15.79,USDOL historical state table (2009-2024); FRED annual state minimum wage release table (2025-2026)
Virginia,2023-01-01,2023,11.0,12.0,1.0,9.09,USDOL historical state table (2009-2024); FRED annual state minimum wage release table (2025-2026)
Virginia,2025-01-01,2025,12.0,12.41,0.41,3.42,USDOL historical state table (2009-2024); FRED annual state minimum wage release table (2025-2026)
Virginia,2026-01-01,2026,12.41,12.77,0.36,2.9,USDOL historical state table (2009-2024); FRED annual state minimum wage release table (2025-2026)
Washington,2011-01-01,2011,8.55,8.67,0.12,1.4,USDOL historical state table (2009-2024); FRED annual state minimum wage release table (2025-2026)
Washington,2012-01-01,2012,8.67,9.04,0.37,4.27,USDOL historical state table (2009-2024); FRED annual state minimum wage release table (2025-2026)
Washington,2013-01-01,2013,9.04,9.19,0.15,1.66,USDOL historical state table (2009-2024); FRED annual state minimum wage release table (2025-2026)
Washington,2014-01-01,2014,9.19,9.32,0.13,1.41,USDOL historical state table (2009-2024); FRED annual state minimum wage release table (2025-2026)
Washington,2015-01-01,2015,9.32,9.47,0.15,1.61,USDOL historical state table (2009-2024); FRED annual state minimum wage release table (2025-2026)
Washington,2017-01-01,2017,9.47,11.0,1.53,16.16,USDOL historical state table (2009-2024); FRED annual state minimum wage release table (2025-2026)
Washington,2018-01-01,2018,11.0,11.5,0.5,4.55,USDOL historical state table (2009-2024); FRED annual state minimum wage release table (2025-2026)
Washington,2019-01-01,2019,11.5,13.5,2.0,17.39,USDOL historical state table (2009-2024); FRED annual state minimum wage release table (2025-2026)
Washington,2021-01-01,2021,13.5,13.69,0.19,1.41,USDOL historical state table (2009-2024); FRED annual state minimum wage release table (2025-2026)
Washington,2022-01-01,2022,13.69,14.49,0.8,5.84,USDOL historical state table (2009-2024); FRED annual state minimum wage release table (2025-2026)
Washington,2023-01-01,2023,14.49,15.74,1.25,8.63,USDOL historical state table (2009-2024); FRED annual state minimum wage release table (2025-2026)
Washington,2024-01-01,2024,15.74,16.28,0.54,3.43,USDOL historical state table (2009-2024); FRED annual state minimum wage release table (2025-2026)
Washington,2025-01-01,2025,16.28,16.66,0.38,2.33,USDOL historical state table (2009-2024); FRED annual state minimum wage release table (2025-2026)
Washington,2026-01-01,2026,16.66,17.13,0.47,2.82,USDOL historical state table (2009-2024); FRED annual state minimum wage release table (2025-2026)
West Virginia,2015-01-01,2015,7.25,8.0,0.75,10.34,USDOL historical state table (2009-2024); FRED annual state minimum wage release table (2025-2026)
West Virginia,2016-01-01,2016,8.0,8.75,0.75,9.38,USDOL historical state table (2009-2024); FRED annual state minimum wage release table (2025-2026)
